date;time_start;time_end;temp;fall;wind;basic;factor;tip;total;type;target;tar_sym
2025-12-02;09:04;09:46;1;0;1;18.05;1.69;0;18.05;breakfast;Stare Miasto;I
2025-12-02;09:46;10:19;1;0;1.8;12.19;1.69;0;12.19;breakfast;Podgórze;XIII
2025-12-02;10:20;11:04;1.5;0;0.9;14.34;1.52;0;14.34;coffee;Krowodrza;V
2025-12-02;11:50;12:17;2;0;1.7;11.55;1.67;2.25;13.8;vietnamese;Prądnik Biały;IV
2025-12-02;12:17;13:02;2.5;0;1.2;17.53;1.97;0;17.53;groceries;Bronowice;VI
2025-12-02;13:02;13:43;2.5;0;1.5;17.63;2.2;0;17.63;liquors;Zwierzyniec;VII
2025-12-02;17:06;17:52;2.5;0;0.6;14.69;2.2;0;14.69;pizza;Stare Miasto;I
2025-12-02;17:52;18:22;2;0;0.8;18.8;2.2;0;18.8;fast food;Grzegórzki;II
2025-12-02;18:43;19:39;1.6;0;0.9;22.37;2.2;0;22.37;burgers;Prądnik Czerwony;III
2025-12-02;18:56;19:45;1.6;0;0.8;11.91;2.2;3.98;15.89;tea;Prądnik Czerwony;III
2025-12-04;09:01;09:31;0;0;1.2;9.5;1.41;0;9.5;groceries;Prądnik Czerwony;III
2025-12-04;09:31;09:51;1;0;0.7;8.84;1.41;0;8.84;groceries;Prądnik Czerwony;III
2025-12-04;09:51;10:09;1.8;0;0.8;10.27;1.41;0;10.27;fast food;Prądnik Czerwony;III
2025-12-04;10:55;11:18;2.9;0;1.3;10.14;1.41;0;10.14;flowers;Prądnik Czerwony;III
2025-12-04;11:27;11:57;4;0;1.4;11.96;1.56;0;11.96;italian;Prądnik Biały;IV
2025-12-04;11:57;12:18;4.8;0;0.3;8.44;1.56;0;8.44;groceries;Prądnik Czerwony;III
2025-12-04;12:19;13:01;4.9;0;0.4;21.06;1.88;3.79;24.85;kebab;Krowodrza;V
2025-12-04;13:07;13:56;5.2;0;0.9;20.16;2.03;0;20.16;pizza;Stare Miasto;I
2025-12-04;13:56;14:27;3.8;0;0.8;19.13;2.03;0;19.13;fast food;Krowodrza;V
2025-12-04;17:00;17:30;1.6;0;0.5;17.21;2.14;0;17.21;pizza;Stare Miasto;I
2025-12-04;17:30;18:06;1.3;0;0.3;14.37;2.14;0;14.37;deli;Krowodrza;V
2025-12-04;18:06;18:31;1.5;0;0.4;14.03;2.18;0;14.03;fast food;Zwierzyniec;VII
2025-12-04;18:32;19:11;1.6;0;1.2;19.93;2.18;0;19.93;groceries;Zwierzyniec;VII
2025-12-05;12:01;12:34;6.2;0.06;1.9;16.55;1.99;0;16.55;fast food;Stare Miasto;I
2025-12-05;12:35;13:09;6.3;0.06;1.6;14.84;1.99;0;14.84;groceries;Krowodrza;V
2025-12-05;13:58;14:22;6.6;0.06;1;16.43;2.2;0;16.43;bakery;Krowodrza;V
2025-12-05;14:22;14:48;6.7;0.06;0.3;15.41;2.04;0;15.41;japanese;Stare Miasto;I
2025-12-05;14:48;15:13;6.5;0.06;1.4;14.71;2.04;0;14.71;fast food;Stare Miasto;I
2025-12-05;15:13;15:39;6.5;0.06;0.8;14.15;1.96;0;14.15;ukrainian;Stare Miasto;I
2025-12-05;15:40;16:08;6.4;0.06;1.1;12.61;1.96;0;12.61;burgers;Stare Miasto;I
2025-12-05;18:01;18:28;5.9;0.08;0.4;16.01;2.35;2.45;18.46;japanese;Stare Miasto;I
2025-12-05;18:28;19:03;5.6;0;0.3;19.02;2.35;0;19.02;fast food;Grzegórzki;II
2025-12-07;09:08;09:36;4.2;0;0.8;12.17;1.53;0;12.17;pharma;Stare Miasto;I
2025-12-07;09:48;10:05;4.8;0;0.5;9.34;1.53;0;9.34;fast food;Stare Miasto;I
2025-12-07;10:05;10:38;5.1;0;0.3;13.65;1.48;0;13.65;french;Prądnik Czerwony;III
2025-12-07;10:44;10:58;5.4;0;0.9;9.59;1.48;0;9.59;fast food;Prądnik Czerwony;III
2025-12-07;15:19;15:46;7.3;0.03;0.2;18.77;2.2;0;18.77;animal goods;Grzegórzki;II
2025-12-07;15:55;16:12;7.4;0.03;0.1;11.72;2.2;0;11.72;burgers;Grzegórzki;II
2025-12-07;16:13;16:44;7;0.03;0.4;16.08;2.2;0;16.08;fast food;Czyżyny;XIV
2025-12-07;16:51;17:17;6.6;0.03;0.4;13.95;2.2;0;13.95;fast food;Czyżyny;XIV
2025-12-07;17:23;17:42;6.4;0.03;0.1;11.67;2.2;0;11.67;groceries;Czyżyny;XIV
2025-12-07;18:04;18:34;6.2;0.03;0.5;18.4;2.2;0;18.4;fast food;Stare Miasto;I
2025-12-07;18:34;18:54;5.3;0.03;0.6;9.65;2.2;0;9.65;kebab;Stare Miasto;I
2025-12-07;18:54;19:19;5;0.03;0.6;16;2.2;0;16;pizza;Krowodrza;V
2025-12-08;08:00;08:32;4.5;0;0.3;13.96;1.53;0;13.96;fast food;Stare Miasto;I
2025-12-08;08:32;08:46;5.3;0;0.3;9.11;1.53;2.87;11.98;fast food;Stare Miasto;I
2025-12-08;08:50;09:13;5.8;0;0.4;9.21;1.53;1.17;10.38;coffee;Stare Miasto;I
2025-12-08;09:15;09:37;5.8;0;0.5;10.16;1.69;0;10.16;coffee;Grzegórzki;II
2025-12-08;10:05;10:37;6.7;0;0.3;14.84;1.67;0;14.84;fast food;Prądnik Czerwony;III
2025-12-08;10:55;11:12;7.7;0;0.9;8.81;1.67;0;8.81;kebab;Prądnik Biały;IV
2025-12-08;15:12;15:39;9.2;0;0.5;13.01;2;0;13.01;fast food;Prądnik Biały;IV
2025-12-08;15:39;16:17;9.4;0;0.9;16.48;2;0;16.48;fast food;Prądnik Biały;IV
2025-12-08;16:18;16:41;9.3;0;2.5;11.39;2.19;0;11.39;liquors;Prądnik Biały;IV
2025-12-08;16:47;17:19;8.5;0;1.3;26.77;2.19;0;26.77;fast food;Prądnik Czerwony;III
2025-12-08;17:34;17:59;8;0;1;11.31;2.2;0;11.31;fast food;Grzegórzki;II
2025-12-08;20:00;20:33;6.6;0;0.6;18.66;2.2;0;18.66;fast food;Prądnik Biały;IV
2025-12-08;20:33;20:52;6.5;0;0.8;11.79;2.13;2.1;13.89;kebab;Prądnik Czerwony;III
2025-12-08;20:53;21:16;6.3;0;0.9;14.83;2.13;0;14.83;groceries;Bronowice;VI
2025-12-10;07:00;07:36;5.6;0;0.4;12.74;2.13;0;12.74;fast food;Krowodrza;V
2025-12-10;07:36;07:56;6.2;0;0.6;9.81;1.41;0;9.81;fast food;Stare Miasto;I
2025-12-10;07:56;08:15;6.2;0;0.7;9.89;1.41;0;9.89;coffee;Stare Miasto;I
2025-12-10;08:15;08:43;7;0;0.6;9.82;1.41;1.73;11.55;coffee;Krowodrza;V
2025-12-10;08:34;09:05;7.9;0;0.2;14.74;1.53;0;14.74;breakfast;Stare Miasto;I
2025-12-10;09:05;09:26;8.6;0;0.6;9.6;1.41;0;9.6;breakfast;Dębniki;VIII
2025-12-10;09:27;09:47;9.3;0;1;11.06;1.41;0;11.06;breakfast;Dębniki;VIII
2025-12-10;09:47;10:13;9.7;0;1.3;9.68;1.41;0;9.68;breakfast;Stare Miasto;I
2025-12-10;15:41;16:04;10.5;0;0.9;11.38;1.95;0;11.38;french;Dębniki;VIII
2025-12-10;15:48;16:36;10.1;0;0.6;17.98;1.95;0;17.98;japanese;Stare Miasto;I
2025-12-10;16:43;17:05;8.5;0;0.4;14.09;1.98;0;14.09;fast food;Prądnik Czerwony;III
2025-12-10;17:05;17:23;8.2;0;0.2;13.33;2.03;0;13.33;fast food;Prądnik Czerwony;III
2025-12-10;17:23;17:45;8;0;0.5;13.36;2.03;0;13.36;fast food;Czyżyny;XIV
2025-12-10;17:49;18:06;7.3;0;0.5;11.28;2.03;0;11.28;kebab;Czyżyny;XIV
2025-12-11;08:01;08:35;6.7;0.06;0.5;11.02;1.56;0;11.02;fast food;Mistrzejowice;XV
2025-12-11;08:40;09:05;6.9;0.06;1.4;11.72;1.56;0;11.72;groceries;Mistrzejowice;XV
2025-12-11;09:06;09:32;7.1;0.06;1.7;11.58;1.56;0;11.58;groceries;Mistrzejowice;XV
2025-12-11;09:32;09:55;7.3;0.06;2.8;9.18;1.56;0;9.18;liquors;Mistrzejowice;XV
2025-12-11;09:55;10:18;7.5;0.06;1.9;10.94;1.56;0;10.94;groceries;Czyżyny;XIV
2025-12-11;10:19;10:40;7.5;0.06;1.9;7.84;1.56;8;15.84;pick-up;Czyżyny;XIV
2025-12-11;10:40;11:28;7.7;0.06;1.9;17.13;1.56;0;17.13;groceries;Prądnik Czerwony;III
2025-12-11;15:00;15:24;7.9;0.06;2;11.09;2;0;11.09;pizza;Grzegórzki;II
2025-12-11;15:24;15:52;7.8;0.06;2.7;13.25;2;2.69;15.94;fast food;Prądnik Czerwony;III
2025-12-11;15:52;16:31;7.6;0.06;2.2;17.42;2;0;17.42;kebab;Grzegórzki;II
2025-12-11;16:31;16:44;7.2;0.06;1.7;9.89;2.02;0;9.89;groceries;Czyżyny;XIV
2025-12-11;16:44;16:58;7.2;0.06;1.3;9.36;2.02;0;9.36;groceries;Czyżyny;XIV
2025-12-11;16:58;17:21;7.2;0.06;1;11.15;2.02;0;11.15;groceries;Grzegórzki;II
2025-12-11;16:58;17:31;7.2;0.06;1;11.16;2.02;0;11.16;groceries;Prądnik Czerwony;III
2025-12-11;17:31;17:57;6.9;0.06;0.2;12.97;2.14;0;12.97;fast food;Prądnik Czerwony;III
2025-12-12;07:00;07:49;5.2;0;0.9;13.09;1.41;0;13.09;coffee;Stare Miasto;I
2025-12-12;07:49;08:12;6.3;0;2.2;9.76;1.41;0;9.76;fast food;Stare Miasto;I
2025-12-12;08:12;08:45;6.4;0;1.7;15.27;1.43;0;15.27;fast food;Prądnik Biały;IV
2025-12-12;08:45;09:09;6.8;0;3.7;11.98;1.43;0;11.98;liquors;Stare Miasto;I
2025-12-12;09:09;09:58;7.2;0;2.7;12.37;1.42;0;12.37;salads;Prądnik Biały;IV
2025-12-12;16:00;16:43;5.1;0;1.6;18.13;2;0;18.13;pizza;Stare Miasto;I
2025-12-12;16:56;17:36;5;0;2.1;12.57;2;0;12.57;fast food;Prądnik Czerwony;III
2025-12-12;16:43;17:21;5;0;1.5;12.58;2;0;12.58;fast food;Grzegórzki;II
2025-12-12;17:37;18:06;5.1;0;1.8;18.85;2.18;0;18.85;chinese;Krowodrza;V
2025-12-12;18:06;18:30;4.7;0;1;13.15;2.2;2.55;15.7;japanese;Prądnik Biały;IV
2025-12-12;18:30;18:58;4.4;0;1.4;14.41;2.2;0;14.41;kebab;Prądnik Czerwony;III
2025-12-13;08:12;08:50;1;0;0.4;13.03;1.41;0;13.03;fast food;Stare Miasto;I
2025-12-13;09:27;10:00;1.8;0;1.1;7.54;1.48;0;7.54;groceries;Stare Miasto;I
2025-12-13;10:06;10:30;2.2;0;1;8.75;1.45;0;8.75;liquors;Stare Miasto;I
2025-12-13;10:31;10:56;2.9;0;1.2;10.94;1.45;0;10.94;fast food;Stare Miasto;I
2025-12-14;09:43;10:39;4;0;2.1;15.6;1.53;14.68;30.28;animal goods;Prądnik Biały;IV
2025-12-14;10:47;11:22;4.7;0;1.3;14.17;1.48;0;14.17;vietnamese;Stare Miasto;I
2025-12-14;11:31;11:54;4.9;0;1.4;10.47;2.84;0;10.47;fast food;Stare Miasto;I
2025-12-14;11:54;12:30;4.8;0;1.7;12.61;1.58;0;12.61;fast food;Prądnik Czerwony;III
2025-12-14;15:17;16:00;4;0;0.6;14.42;2.2;0;14.42;pharma;Grzegórzki;II
2025-12-14;15:17;16:12;4;0;0.6;14.43;2.2;0;14.43;pharma;Grzegórzki;II
2025-12-14;16:50;17:04;3.2;0;0.5;13.43;2.2;0;13.43;fast food;Grzegórzki;II
2025-12-14;19:28;20:00;2.3;0;1.4;16.33;2.2;0;16.33;kebab;Prądnik Biały;IV
2026-02-11;13:08;13:45;9.4;0;0.7;18.49;2.61;0;18.49;fast food;Krowodrza;V
2026-02-11;14:11;14:41;9.4;0;0.6;15.39;2.29;0;15.39;fast food;Stare Miasto;I
2026-02-11;14:46;15:18;9.2;0;0.7;20.9;2.29;0;20.9;japanese;Grzegórzki;II
2026-02-11;15:18;15:49;8.2;0;1.1;15.77;2.67;0;15.77;deli;Stare Miasto;I
2026-02-11;15:26;15:56;8;0;1.1;16.2;2.67;0;16.2;deli;Podgórze;XIII
2026-02-11;15:56;16:12;7.6;0;0.9;10.66;2.67;0;10.66;polish;Stare Miasto;I
2026-02-11;18:17;18:46;6.1;0;0.8;17.55;2.69;0;17.55;fast food;Prądnik Czerwony;III
2026-02-11;19:11;19:35;5.6;0.03;0.9;13.54;2.65;0.03;13.57;fast food;Prądnik Czerwony;III
2026-02-11;19:48;20:16;5.3;0.03;0.8;14.87;2.65;0;14.87;fast food;Prądnik Biały;IV
2026-02-12;07:10;07:44;6.7;0.21;1;12.82;1.94;0;12.82;groceries;Stare Miasto;I
2026-02-12;07:44;08:07;7.8;0.21;1.1;9.6;1.94;0;9.6;fast food;Stare Miasto;I
2026-02-12;08:16;08:51;9.6;0.21;1.3;16.98;2;6.94;23.92;bakery;Prądnik Biały;IV
2026-02-12;08:51;09:13;9.9;0.21;3.1;11.85;2;0;11.85;kebab;Prądnik Czerwony;III
2026-02-12;09:40;10:23;11.3;0.21;1.5;10.35;1.83;0;10.35;polish;Stare Miasto;I
2026-02-12;16:03;16:16;11.3;0.21;0.2;8.62;2.56;0;8.62;fast food;Stare Miasto;I
2026-02-12;16:40;16:51;10.9;0.21;0.6;10.05;2.56;0;10.05;pharma;Stare Miasto;I
2026-02-13;07:58;08:22;8.3;0;0.3;15.89;2.09;1.8;17.69;coffee;Stare Miasto;I
2026-02-13;08:53;09:09;8.7;0;0.5;9.5;2.13;0;9.5;fast food;Stare Miasto;I
2026-02-13;09:09;09:36;8.7;0;0.3;8.66;1.88;0;8.66;groceries;Stare Miasto;I
2026-02-13;09:39;10:19;9.2;0;1.1;10.73;1.88;0;10.73;kebab;Prądnik Biały;IV
2026-02-13;10:20;11:19;9.8;0;1.7;12.68;1.83;0;12.68;groceries;Prądnik Biały;IV
2026-02-13;11:24;11:44;10.1;0;1.2;9.67;2.21;0;9.67;groceries;Prądnik Czerwony;III
2026-02-13;11:45;12:00;9.7;0;0.5;12.74;2.21;0;12.74;pharma;Prądnik Czerwony;III
2026-02-13;12:17;12:39;10.5;0;0.8;15.66;2.54;0;15.66;fast food;Stare Miasto;I
2026-02-13;12:48;13:03;11.3;0;0.7;9.68;2.54;0;9.68;polish;Prądnik Czerwony;III
2026-02-14;07:08;07:46;3.7;0.08;1.1;18.82;1.94;0;18.82;coffee;Dębniki;VIII
2026-02-14;07:46;08:12;4;0.08;1.2;9.65;1.94;0;9.65;fast food;Dębniki;VIII
2026-02-14;08:13;09:06;4.1;0.08;1.3;22.59;2.59;0;22.59;flowers;Prądnik Czerwony;III
2026-02-14;09:32;09:54;4.3;0.08;0.8;10.6;2.29;0;10.6;fast food;Prądnik Czerwony;III
2026-02-14;09:54;10:14;4.5;0.08;1.5;12.5;2.29;0;12.5;coffee;Czyżyny;XIV
2026-02-14;10:22;10:55;4.3;0.08;2.6;11.95;1.98;0;11.95;groceries;Prądnik Czerwony;III
2026-02-14;10:55;11:16;4.4;0.08;1.5;11.32;1.98;12.9;24.22;polish;Grzegórzki;II
2026-02-14;15:15;15:44;2.6;0.08;1.6;15.23;2.73;0;15.23;groceries;Stare Miasto;I
2026-02-14;15:45;16:11;2.4;0.11;0.7;19.8;2.88;0;19.8;groceries;Prądnik Czerwony;III
2026-02-14;16:20;16:46;1.6;0.12;1.5;18.32;2.94;0;18.32;burgers;Stare Miasto;I
2026-02-14;16:46;17:07;1.3;0.12;4;14;2.94;0;14;indian;Stare Miasto;I
2026-02-14;17:07;17:29;1.2;0.12;1.2;16.94;2.8;2.78;19.72;japanese;Zwierzyniec;VII
2026-02-14;17:29;17:55;1;0.12;0.9;16.85;2.8;0;16.85;burgers;Zwierzyniec;VII
2026-02-14;17:56;18:15;0.7;0.12;3.3;16.83;2.8;0;16.83;korean;Stare Miasto;I
2026-02-14;17:56;19:01;0.7;0.12;3.3;16.83;2.8;0;16.83;korean;Podgórze;XIII
2026-02-15;14:01;14:43;-3.4;0;1.7;18.83;2.76;0;18.83;pizza;Stare Miasto;I
2026-02-15;14:43;15:11;-3.7;0;1.8;14.38;2.76;0;14.38;french;Dębniki;VIII
2026-02-15;14:51;15:23;-3.9;0;2.2;11.86;2.76;0;11.86;pizza;Podgórze;XIII
2026-02-16;10:04;10:42;-5.4;0;3.1;11.25;1.73;0;11.25;fast food;Stare Miasto;I
2026-02-16;10:42;11:06;-4.9;0;1.9;10.87;1.73;0;10.87;coffee;Stare Miasto;I
2026-02-16;11:06;11:27;-4.9;0;1.1;7.75;1.91;0;7.75;liquors;Grzegórzki;II
2026-02-16;11:06;11:45;-4.9;0;1.1;7.76;1.91;0;7.76;liquors;Grzegórzki;II
2026-02-16;11:45;12:13;-4.6;0;3;11.45;1.91;0;11.45;fast food;Stare Miasto;I
2026-02-16;15:10;15:47;-4.2;0;3.2;17.49;2.61;0;17.49;groceries;Prądnik Biały;IV
2026-02-16;16:12;17:03;-4.5;0;1.3;19.49;2.41;0;19.49;pharma;Prądnik Biały;IV
2026-02-16;17:03;17:37;-4.6;0;3.1;9.75;2.72;0;9.75;fast food;Prądnik Biały;IV
2026-02-16;17:03;17:47;-4.6;0;3.1;9.75;2.72;0;9.75;fast food;Bronowice;VI
2026-02-16;17:47;18:01;-4.3;0;1.3;11.45;2.72;0;11.45;kebab;Krowodrza;V
2026-02-17;08:00;08:20;-0.4;0;0.2;10.64;1.73;0;10.64;fast food;Prądnik Biały;IV
2026-02-17;08:20;08:59;-0.4;0;0.6;12.95;1.73;0;12.95;groceries;Prądnik Biały;IV
2026-02-17;08:59;09:21;0.7;0;0.7;8.89;1.73;0;8.89;fast food;Stare Miasto;I
2026-02-17;09:21;09:41;0.8;0;0.6;8.17;1.73;4.43;12.6;breakfast;Stare Miasto;I
2026-02-17;09:41;10:34;1;0;0.4;17.35;1.73;5.06;22.41;coffee;Grzegórzki;II
2026-02-17;10:34;11:16;1.6;0;1;12.04;1.73;0;12.04;groceries;Prądnik Biały;IV
2026-02-17;11:17;11:38;2.1;0;0.6;8.87;1.96;0;8.87;fast food;Prądnik Czerwony;III
2026-02-17;11:47;12:05;2.2;0;0.7;7.75;1.96;0;7.75;fast food;Prądnik Czerwony;III
2026-02-17;16:01;16:37;2;0;2;19.33;2.61;0;19.33;burgers;Stare Miasto;I
2026-02-17;16:47;17:17;1.5;0;0.5;14.15;2.61;0;14.15;chinese;Dębniki;VIII
2026-02-17;17:32;18:04;1.1;0;0.6;10.79;2.46;0;10.79;groceries;Dębniki;VIII
2026-02-17;17:17;17:50;1.2;0;0.4;10.79;2.46;0;10.79;groceries;Dębniki;VIII
2026-02-18;07:00;07:37;1.3;0;1;19.86;1.83;0;19.86;coffee;Prądnik Czerwony;III
2026-02-18;07:43;08:27;1.5;0;1.6;17.76;1.83;0;17.76;groceries;Stare Miasto;I
2026-02-18;08:27;09:05;1.6;0;1.9;14.58;1.73;0;14.58;fast food;Krowodrza;V
2026-02-18;09:09;09:42;1.1;0;1.5;14.69;1.73;0;14.69;groceries;Stare Miasto;I
2026-02-18;09:42;10:04;1.8;0;2.7;7.55;1.73;2.98;10.53;bakery;Stare Miasto;I
2026-02-18;10:10;10:32;2.2;0;2.5;7.4;1.88;0;7.4;fast food;Stare Miasto;I
2026-02-18;10:33;11:03;2.7;0;2;8.54;1.73;12.65;21.19;breakfast;Podgórze;XIII
2026-02-18;11:03;11:37;2.8;0;0.9;16.78;2.04;0;16.78;ukrainian;Krowodrza;V
2026-02-18;11:40;12:22;2.7;0.01;3.2;17.2;2.04;0;17.2;fast food;Krowodrza;V
2026-02-18;15:05;15:26;1.6;0.01;2;15.48;2.52;0;15.48;fast food;Prądnik Czerwony;III
2026-02-18;15:28;15:46;1.4;0.01;1.7;14.67;2.52;0;14.67;fast food;Prądnik Czerwony;III
2026-02-18;15:46;15:56;1.4;0.01;1.1;9.97;2.52;0;9.97;polish;Prądnik Czerwony;III
2026-02-19;07:13;07:53;-1.3;0;1.6;16.36;1.83;0;16.36;coffee;Stare Miasto;I
2026-02-19;07:53;08:38;-1.1;0;1.6;19.64;1.83;4.2;23.84;breakfast;Podgórze;XIII
2026-02-19;08:38;09:04;-1;0;2.1;12.12;1.89;2.36;14.48;coffee;Stare Miasto;I
2026-02-19;09:04;09:40;-0.7;0;3.1;14.4;1.73;0;14.4;groceries;Stare Miasto;I
2026-02-19;09:41;10:02;-0.2;0;1.8;11.96;1.73;0;11.96;fast food;Grzegórzki;II
2026-02-19;10:02;10:32;-0.2;0;1.1;11.67;1.73;0;11.67;fast food;Stare Miasto;I
2026-02-19;10:36;11:06;-0.3;0;2.2;13.15;1.73;0;13.15;fast food;Bronowice;VI
2026-02-19;12:03;12:21;0.1;0;2.6;13.73;2.2;0;13.73;fast food;Stare Miasto;I
2026-02-19;12:45;13:10;0;0;1.7;12.22;2.2;0;12.22;salads;Krowodrza;V
2026-02-19;13:16;13:35;0;0;2.7;9.86;2.23;0;9.86;pizza;Krowodrza;V
2026-02-19;13:35;13:50;-0.2;0;2.8;8.14;2.23;0;8.14;pizza;Krowodrza;V
2026-02-19;13:50;14:50;-0.1;0;2.9;14.41;2.23;0;14.41;groceries;Prądnik Biały;IV
2026-02-19;16:05;16:20;-0.5;0;2.7;9.83;2.41;0;9.83;fast food;Prądnik Biały;IV
2026-02-19;16:20;16:36;-0.6;0;2.2;11.7;2.41;0;11.7;kebab;Prądnik Biały;IV
2026-02-19;16:40;17:10;-0.5;0;1.2;14.9;2.41;0;14.9;groceries;Prądnik Biały;IV
2026-02-23;09:02;09:25;8.4;0.29;3.3;8.23;1.88;0;8.23;bakery;Prądnik Czerwony;III
2026-02-23;09:31;10:06;9;0.29;2.3;17.15;1.88;0;17.15;coffee;Prądnik Biały;IV
2026-02-23;10:11;10:31;9.3;0.29;3.7;11.51;1.7;0;11.51;groceries;Prądnik Biały;IV
2026-02-23;10:35;10:55;9.6;0.29;2.9;9.65;1.7;0;9.65;fast food;Prądnik Biały;IV
2026-02-23;10:55;11:12;10;0.29;4.1;7.73;1.7;4.7;12.43;kebab;Stare Miasto;I
2026-02-23;11:13;11:40;10;0.29;3.4;14.3;1.88;0;14.3;turkish;Grzegórzki;II
2026-02-23;11:40;12:23;10.3;0.29;3.6;21.25;1.88;0;21.25;burgers;Podgórze;XIII
2026-02-23;12:23;12:43;10.4;0.29;2.1;11.63;2.13;3.59;15.22;fast food;Podgórze;XIII
2026-02-23;12:43;13:24;11.1;0.29;4.5;12.53;2.13;0;12.53;groceries;Prądnik Biały;IV
2026-02-23;15:03;15:25;8.4;1.08;2.5;16.72;2.58;0;16.72;pharma;Prądnik Czerwony;III
2026-02-23;15:27;15:48;8.2;1.79;1.6;15.24;2.58;0;15.24;groceries;Prądnik Czerwony;III
2026-02-23;15:48;16:04;8;1.79;1.5;12.87;2.58;0;12.87;fast food;Prądnik Biały;IV
2026-02-23;16:04;16:27;7.8;1.79;1.7;16.41;2.38;0;16.41;groceries;Prądnik Biały;IV
2026-02-23;16:27;16:41;7.6;1.79;0.8;10.18;2.53;0;10.18;fast food;Bronowice;VI
2026-02-23;16:41;17:03;7.5;1.79;1.5;11.87;2.53;0;11.87;fast food;Bronowice;VI
2026-02-24;07:33;08:01;7.7;0.29;2.7;15.94;1.95;4.13;20.07;bakery;Zwierzyniec;VII
2026-02-24;08:05;08:49;7.6;0.29;1.4;18.06;1.85;2.36;20.42;coffee;Stare Miasto;I
2026-02-24;08:49;09:31;8.2;0.29;2.9;14.44;1.7;0;14.44;pharma;Grzegórzki;II
2026-02-24;09:48;10:13;9.1;0.29;2.8;10.44;1.7;0;10.44;fast food;Stare Miasto;I
2026-02-24;10:21;10:44;9.3;0.29;2.5;11.06;1.7;0;11.06;deli;Podgórze;XIII
2026-02-24;10:47;11:15;9.7;0.29;3.4;9.89;1.7;0;9.89;portugese;Stare Miasto;I
2026-02-24;11:22;11:41;10;0.29;4.9;10.32;2.08;1.95;12.27;portugese;Podgórze;XIII
2026-02-24;11:42;12:28;10.3;0.29;4.7;21.06;2.08;0;21.06;groceries;Grzegórzki;II
2026-02-24;15:02;15:37;8.5;0.93;2.5;22.6;2.49;0;22.6;kebab;Grzegórzki;II
2026-02-24;15:38;15:59;8;1.79;1.1;13.12;2.64;0;13.12;groceries;Czyżyny;XIV
2026-02-24;16:04;16:28;7.8;1.79;1.7;16.04;2.58;0;16.04;polish;Czyżyny;XIV
2026-02-24;16:28;16:49;7.6;1.79;0.7;13.85;2.58;0;13.85;polish;Czyżyny;XIV
2026-02-24;16:49;17:20;7.4;1.79;0.8;14.99;2.58;0;14.99;polish;Czyżyny;XIV
2026-02-25;08:28;09:05;4.7;0;2.7;13.87;1.7;0;13.87;fast food;Stare Miasto;I
2026-02-25;09:14;09:41;4.7;0;4;10.89;1.7;0;10.89;polish;Prądnik Biały;IV
2026-02-25;09:41;10:25;5.1;0;2.4;7.4;1.7;0;7.4;groceries;Prądnik Biały;IV
2026-02-25;10:29;10:53;5.5;0;3;11.61;1.7;0;11.61;groceries;Prądnik Biały;IV
2026-02-25;10:57;11:23;5.2;0;3.6;11.02;1.7;0;11.02;coffee;Stare Miasto;I
2026-02-25;11:23;12:02;5.3;0;2.2;11.68;1.86;0;11.68;pizza;Stare Miasto;I
2026-02-25;13:07;13:28;4.9;0;2.1;11.31;2.43;0;11.31;fast food;Stare Miasto;I
2026-02-25;13:28;13:54;3.6;0;1.8;14.98;2.58;0;14.98;polish;Stare Miasto;I
2026-02-25;13:57;14:29;3.4;0;1.7;15.83;2.58;0;15.83;turkish;Stare Miasto;I
2026-02-25;14:35;14:56;3.2;0;1.7;12.43;2.28;0;12.43;pizza;Stare Miasto;I
2026-02-25;14:57;15:39;3.5;0;1.6;18.41;2.28;0;18.41;kebab;Prądnik Biały;IV
2026-02-25;16:21;16:48;2.8;0;1;16.66;2.5;0;16.66;fast food;Grzegórzki;II
2026-02-27;08:25;08:54;5.4;0;0.6;13.13;1.98;0;13.13;coffee;Podgórze;XIII
2026-02-27;09:45;10:30;10.4;0;0.8;13.28;1.75;0;13.28;groceries;Dębniki;VIII
2026-02-28;15:22;15:49;16.9;0;1.1;16.82;2.54;5.65;22.47;japanese;Dębniki;VIII
2026-02-28;15:49;16:06;16.3;0;0.7;13.51;2.54;0;13.51;fast food;Dębniki;VIII
2026-02-28;16:55;17:17;13.8;0;1.1;15.6;2.6;0;15.6;burgers;Stare Miasto;I
2026-02-28;17:17;17:42;13.2;0;1.2;13.83;2.47;0;13.83;fast food;Podgórze;XIII
2026-02-28;17:42;18:03;12.6;0;0.2;10.47;2.47;0;10.47;japanese;Stare Miasto;I
2026-02-28;18:03;18:17;10.6;0;1.2;8.73;2.35;0;8.73;ukrainian;Podgórze;XIII
2026-02-28;18:17;18:34;9.8;0;0.4;11.42;2.35;0;11.42;chinese;Stare Miasto;I
2026-02-28;18:38;19:09;9.4;0;0.2;17.66;2.35;0;17.66;groceries;Grzegórzki;II
2026-02-28;20:08;20:36;6.8;0;0.3;13.42;2.27;0;13.42;polish;Prądnik Czerwony;III
2026-02-28;20:39;20:57;6;0;0.6;12.69;2.27;0;12.69;groceries;Prądnik Biały;IV
2026-03-02;08:11;08:33;7.6;0.85;0.7;11.07;2.12;0;11.07;fast food;Stare Miasto;I
2026-03-02;08:34;09:10;8.3;0.85;0.9;14.5;2.12;0;14.5;groceries;Grzegórzki;II
2026-03-02;09:33;09:50;9.9;0.85;0.4;11.01;1.83;0;11.01;fast food;Stare Miasto;I
2026-03-02;10:01;10:16;9.5;0.85;1.5;7.4;1.65;0;7.4;fast food;Grzegórzki;II
2026-03-02;10:19;10:34;10.4;0.85;1.7;9.34;1.65;0;9.34;fast food;Grzegórzki;II
2026-03-02;10:40;11:11;1.4;0.85;0.3;9.96;1.65;0;9.96;fast food;Grzegórzki;II
2026-03-02;11:14;11:35;10.1;0.85;0.9;14.57;1.83;0;14.57;turkish;Podgórze;XIII
2026-03-02;11:41;11:58;11.3;0.85;1.6;9.02;1.83;0;9.02;groceries;Prądnik Czerwony;III
2026-03-02;15:01;15:13;11.2;0.85;2.6;9.22;2.53;0;9.22;fast food;Stare Miasto;I
2026-03-02;15:14;15:39;11.3;0.85;0.9;15.86;2.53;0;15.86;fast food;Czyżyny;XIV
2026-03-02;15:42;16:22;10.9;0.85;1;26.32;2.53;0;26.32;french;Czyżyny;XIV
2026-03-02;16:26;17:04;10.2;0.85;1.8;20.26;2.33;0;20.26;fast food;Wzgórza Krzesławickie;XVII
2026-03-02;17:23;17:52;9.3;0.85;0.3;19.16;2.49;3;22.16;deli;Bieńczyce;XVI
2026-03-02;17:52;18:17;8.7;0.85;0.5;13.66;2.49;0;13.66;polish;Bieńczyce;XVI
2026-03-03;07:12;07:35;2;0;0.8;10.71;1.75;7.53;18.24;pharma;Stare Miasto;I
2026-03-03;07:18;07:48;2;0;0.9;10.72;1.75;0;10.72;pharma;Stare Miasto;I
2026-03-03;07:48;08:40;2.4;0;0.4;14.95;1.75;0;14.95;pharma;Łagiewniki - Borek Fałęcki;IX
2026-03-03;08:48;09:21;7.8;0;0.6;10.2;1.65;1.64;11.84;pharma;Podgórze Duchackie;XI
2026-03-03;08:42;09:50;7.1;0;1;10.2;1.65;0;10.2;pharma;Podgórze;XIII
2026-03-03;09:50;10:28;10.9;0;0.5;10.04;1.65;0;10.04;fast food;Podgórze;XIII
2026-03-03;10:41;11:15;12.7;0;0.7;9.32;1.65;2.5;11.82;italian;Podgórze;XIII
2026-03-03;12:03;12:43;13.5;0;0.4;14.97;2;0;14.97;chinese;Prądnik Biały;IV
2026-03-03;12:43;13:07;14.1;0;1;11.36;2;0;11.36;kebab;Prądnik Biały;IV
2026-03-03;13:14;13:35;13.5;0;1.8;15.03;2.38;0;15.03;kebab;Prądnik Biały;IV
2026-03-03;13:45;14:10;14.1;0;0.7;13.08;2.38;0;13.08;kebab;Prądnik Czerwony;III
2026-03-04;08:05;08:39;7.7;0;0.5;14.8;1.65;0;14.8;pharma;Grzegórzki;II
2026-03-04;08:40;09:08;9.7;0;1.4;10.15;1.65;2.3;12.45;breakfast;Stare Miasto;I
2026-03-04;08:50;09:21;10.5;0;1.6;7.55;1.65;0;7.55;coffee;Grzegórzki;II
2026-03-04;09:28;09:51;12.1;0;3;10.56;1.65;0;10.56;fast food;Krowodrza;V
2026-03-04;09:58;10:25;12.6;0;3.6;12.65;1.65;0;12.65;bakery;Prądnik Biały;IV
2026-03-04;10:55;11:28;13.7;0;2.6;11.3;1.65;2.09;13.39;pizza;Krowodrza;V
2026-03-04;11:30;12:09;13.6;0;4.5;15.5;1.81;4.73;20.23;coffee;Prądnik Czerwony;III
2026-03-04;14:00;14:35;14.8;0;2.5;14.93;2.08;0;14.93;kebab;Stare Miasto;I
2026-03-04;14:36;14:52;14.2;0;1.5;10.3;2.08;0;10.3;indian;Prądnik Biały;IV
2026-03-04;14:57;15:25;14.2;0;2.2;12.31;2.08;0;12.31;indian;Krowodrza;V
2026-03-04;15:25;15:55;13.9;0;2;13.88;2.44;0;13.88;pizza;Zwierzyniec;VII
2026-03-04;15:55;16:31;13.4;0;0.9;21.2;2.44;2.4;23.6;mexican;Prądnik Biały;IV
2026-03-05;08:05;08:31;4.8;0;0.5;10.48;1.81;0;10.48;liquors;Grzegórzki;II
2026-03-05;08:31;09:02;6.1;0;2.4;10.51;1.81;0;10.51;groceries;Czyżyny;XIV
2026-03-05;09:12;09:32;7.2;0;2.9;8.16;1.65;0;8.16;fast food;Czyżyny;XIV
2026-03-05;09:32;09:53;7.7;0;4.2;9.94;1.65;0;9.94;groceries;Grzegórzki;II
2026-03-05;10:00;10:22;8.7;0;3.4;10.76;1.65;0;10.76;pharma;Stare Miasto;I
2026-03-05;10:22;10:59;9.2;0;2.6;10.83;1.65;0;10.83;fast food;Stare Miasto;I
2026-03-05;11:00;11:28;9.9;0;0.9;12.33;1.77;0;12.33;fast food;Zwierzyniec;VII
2026-03-05;11:29;12:00;10.6;0;1.3;9.66;1.77;0;9.66;coffee;Dębniki;VIII
2026-03-05;12:00;12:21;11.3;0;0.9;10.95;2.12;0;10.95;polish;Grzegórzki;II
2026-03-05;12:40;13:01;11.2;0;1.6;8.68;2.12;0;8.68;fast food;Podgórze;XIII
2026-03-05;15:00;15:16;12.6;0;1.6;10.59;2.63;0;10.59;fast food;Prądnik Biały;IV
2026-03-05;15:16;15:43;12.2;0;1.3;16.95;2.63;0;16.95;liquors;Prądnik Czerwony;III
2026-03-05;15:59;16:25;11.8;0;1.4;12.82;2.63;0;12.82;kebab;Krowodrza;V
2026-03-05;16:26;17:08;10.9;0;2.3;18.06;2.33;0;18.06;groceries;Zwierzyniec;VII
2026-03-06;07:19;07:44;3.5;0;1.3;10.89;1.75;0;10.89;groceries;Czyżyny;XIV
2026-03-06;07:45;08:14;5.1;0;1.5;13.65;1.75;0;13.65;fast food;Bieńczyce;XVI
2026-03-06;08:15;08:27;7.2;0;1;7.4;1.93;0;7.4;liquors;Mistrzejowice;XV
2026-03-06;08:58;09:21;8.8;0;2.7;9.12;1.93;0;9.12;fast food;Prądnik Czerwony;III
2026-03-06;09:21;10:00;9.6;0;1.9;14.68;1.7;2.75;17.43;groceries;Czyżyny;XIV
2026-03-06;10:03;10:35;10.3;0;2.9;7.46;1.65;0;7.46;kebab;Czyżyny;XIV
2026-03-06;10:35;11:06;11.7;0;1.4;7.4;1.65;0;7.4;fast food;Czyżyny;XIV
2026-03-09;08:08;08:36;6.9;0;1.2;9.44;1.8;0;9.44;pharma;Prądnik Biały;IV
2026-03-09;08:37;09:01;9.6;0;1.5;13.44;1.8;0;13.44;fast food;Prądnik Biały;IV
2026-03-09;09:05;09:43;10.2;0;1.6;15.31;1.81;0;15.31;groceries;Prądnik Biały;IV
2026-03-09;09:44;10:14;12;0;0.9;12.06;1.81;0;12.06;groceries;Krowodrza;V
2026-03-09;10:15;10:45;12.7;0;1.7;9.07;1.63;0;9.07;groceries;Prądnik Biały;IV
2026-03-09;10:46;11:07;13.7;0;2.7;8.66;1.63;0;8.66;fast food;Prądnik Biały;IV
2026-03-09;17:09;17:34;14.7;0;1.1;13.39;2.47;4.4;17.79;groceries;Prądnik Biały;IV
2026-03-09;17:35;17:51;13.9;0;0.5;11;2.47;0;11;fast food;Prądnik Biały;IV
2026-03-09;17:51;18:19;12.3;0;1.2;13.18;2.47;0;13.18;vietnamese;Prądnik Czerwony;III
2026-03-09;20:02;20:21;9.4;0;0.7;10.94;2.22;0;10.94;fast food;Prądnik Czerwony;III
2026-03-09;20:21;20:40;8.6;0;0.5;11.23;2.22;0;11.23;fast food;Stare Miasto;I
2026-03-09;20:40;20:52;8.1;0;1.1;9;2.22;0;9;fast food;Stare Miasto;I
2026-03-09;20:52;21:14;8;0;0.5;8.56;2.22;2.91;11.47;fast food;Stare Miasto;I
2026-03-10;18:59;19:17;12.1;0;2.4;10.51;2.34;0;10.51;pharma;Prądnik Biały;IV
2026-03-10;19:22;19:51;11.8;0;2.3;15.1;2.44;0;15.1;japanese;Prądnik Biały;IV
2026-03-10;19:55;20:09;11.4;0;1.7;10.76;2.44;0;10.76;fast food;Prądnik Biały;IV
2026-03-10;20:13;20:44;11.1;0;1.2;12.56;2.47;0;12.56;groceries;Prądnik Czerwony;III
2026-03-10;20:52;21:11;10.8;0;0.9;11.06;2.47;0;11.06;fast food;Prądnik Biały;IV
2026-03-11;08:19;08:50;13.8;0;0.7;12.35;1.63;5.25;17.6;groceries;Czyżyny;XIV
2026-03-11;08:50;09:25;15.4;0;0.8;11.42;1.63;0;11.42;groceries;Nowa Huta;XVIII
2026-03-11;11:16;11:39;18.1;0;1.3;8.76;1.79;0;8.76;spanish;Grzegórzki;II
2026-03-11;11:39;12:11;18.7;0;1.9;7.4;0;0;7.4;groceries;Grzegórzki;II
2026-03-12;08:01;08:33;9;0;0.7;9.42;1.79;0;9.42;fast food;Prądnik Czerwony;III
2026-03-12;08:37;08:54;10.6;0;0.3;7.4;1.79;0;7.4;fast food;Prądnik Czerwony;III
2026-03-12;08:54;09:24;11.9;0;0.6;9.63;1.79;0;9.63;fast food;Czyżyny;XIV
2026-03-12;18:57;19:34;11.4;0;1.7;19.25;2.51;0;19.25;japanese;Dębniki;VIII
2026-03-12;19:44;20:16;10.6;0;1.1;13.94;2.4;0;13.94;kebab;Podgórze Duchackie;XI
2026-03-12;20:29;20:50;9.5;0;0.7;10.85;2.29;0;10.85;vietnamese;Bieżanów - Prokocim;XII
2026-03-12;21:16;21:45;9;0;0.5;12.27;1.97;0;12.27;fast food;Stare Miasto;I
2026-03-12;21:45;22:18;8.9;0;0.2;11.24;1.97;0;11.24;ukrainian;Podgórze;XIII
2026-03-15;18:08;18:45;13.8;0;3.6;12.6;2.24;0;12.6;burgers;Prądnik Biały;IV
2026-03-15;18:45;19:13;13.7;0;3.6;10.45;2.24;14.7;25.15;italian;Prądnik Biały;IV
2026-03-15;19:13;19:46;13.1;0;1.6;11.86;2.36;3.51;15.37;fast food;Prądnik Czerwony;III
2026-03-15;19:47;20:18;12.2;0;2;13.55;2.36;0;13.55;groceries;Prądnik Czerwony;III
2026-03-15;20:28;20:55;11.4;0;1.7;9.24;2.26;0;9.24;fast food;Prądnik Czerwony;III
2026-03-16;16:00;16:46;9.5;0;2.2;9.33;2.28;0;9.33;fast food;Prądnik Czerwony;III
2026-03-16;16:13;16:25;9.5;0.03;1.3;9.33;2.28;0;9.33;fast food;Prądnik Czerwony;III
2026-03-16;16:46;17:09;9;0.03;5.1;11.81;2.28;0;11.81;kebab;Prądnik Czerwony;III
2026-03-16;17:09;17:31;8.7;0.03;2.4;12.64;2.44;0;12.64;fast food;Prądnik Czerwony;III
2026-03-16;17:31;17:48;8.6;0.03;3.3;9.78;2.44;0;9.78;korean;Prądnik Czerwony;III
2026-03-16;17:48;18:13;8.4;0.03;1.6;13.45;2.44;0;13.45;polish;Grzegórzki;II
2026-03-16;18:13;18:25;8.1;0.03;2.1;7.73;2.52;0;7.73;groceries;Prądnik Czerwony;III
2026-03-16;18:27;18:54;8.1;0.03;1.9;15.08;2.67;2.84;17.92;fast food;Prądnik Czerwony;III
2026-03-16;18:54;19:24;7.8;0.03;1.7;17.79;2.67;0;17.79;groceries;Prądnik Biały;IV
2026-03-16;19:24;19:52;7.7;0.03;1.9;14.08;2.5;2.95;17.03;japanese;Prądnik Biały;IV
2026-03-16;19:56;20:18;7.4;0.03;1.5;13.32;2.35;0;13.32;groceries;Prądnik Biały;IV
2026-03-16;20:19;20:51;7.4;0.03;0.2;16.9;2.2;0;16.9;groceries;Stare Miasto;I
2026-03-16;20:51;21:21;6.9;0.03;1;8.66;2.2;3.08;11.74;fast food;Grzegórzki;II
2026-03-17;13:00;13:26;8.3;0;1.2;11.07;2.33;0;11.07;groceries;Prądnik Biały;IV
2026-03-17;13:26;13:37;8.4;0;1.8;7.4;0;0;7.4;kebab;Prądnik Biały;IV
2026-03-17;13:37;13:53;8.3;0;2.7;9.14;2.33;0;9.14;pizza;Prądnik Biały;IV
2026-03-17;13:53;14:15;8.3;0;3.4;11.17;2.33;0;11.17;liquors;Prądnik Czerwony;III
2026-03-17;16:58;17:13;6.8;0.15;0.7;11.09;2.63;0;11.09;japanese;Stare Miasto;I
2026-03-17;17:13;17:35;6.8;0.15;1.7;10.29;2.48;5.14;15.43;fast food;Zwierzyniec;VII
2026-03-17;17:35;17:58;6.8;0.15;1.6;10.72;2.48;0;10.72;japanese;Zwierzyniec;VII
2026-03-17;17:35;18:21;6.8;0.15;1.6;10.73;2.48;0;10.73;japanese;Bronowice;VI
2026-03-17;18:23;18:57;6.8;0.15;1;15.66;2.31;2.9;18.56;deli;Prądnik Biały;IV
2026-03-17;18:57;19:21;7;0.15;1.4;9.87;2.31;0;9.87;fast food;Prądnik Biały;IV
2026-03-17;19:21;19:54;7.1;0.15;0.6;14.85;2.41;0;14.85;groceries;Stare Miasto;I
2026-03-17;19:54;20:10;7;0.15;1.6;8.09;2.41;0;8.09;pizza;Stare Miasto;I
2026-04-21;14:00;14:33;11;0;2.5;9.54;2.04;0;9.54;vietnamese;Krowodrza;V
2026-04-21;14:33;15:02;11.8;0;3.2;12.95;2.04;0;12.95;groceries;Stare Miasto;I
2026-04-21;16:00;16:18;11.5;0;1.1;7.82;2.28;2.1;9.92;kebab;Prądnik Biały;IV
2026-04-21;16:20;16:38;11.2;0;2.8;11.43;2.34;0;11.43;fast food;Prądnik Biały;IV
2026-04-21;16:39;17:03;11;0;2.1;9.99;2.34;0;9.99;groceries;Prądnik Biały;IV
2026-04-21;17:03;17:29;10.8;0;2;11.52;2.28;6.64;18.16;pizza;Prądnik Czerwony;III
2026-04-21;17:30;18:07;10.7;0;1.1;11.46;2.28;0;11.46;groceries;Mistrzejowice;XV
2026-04-21;18:07;18:24;10.2;0;1.3;9.57;2.26;0;9.57;kebab;Bieńczyce;XVI
2026-04-21;18:24;18:58;10;0;1.2;14.68;2.26;0;14.68;fast food;Mistrzejowice;XV
2026-04-21;19:09;19:32;9.3;0;0.7;7.41;2.32;0;7.41;pizza;Mistrzejowice;XV
2026-04-21;19:32;20:02;9.9;0;1;11.53;2.32;0;11.53;japanese;Mistrzejowice;XV
2026-04-22;08:00;08:30;11.2;0;2;11.5;1.76;0;11.5;groceries;Krowodrza;V
2026-04-22;08:19;08:39;11.3;0;2.8;12.97;1.76;0;12.97;groceries;Stare Miasto;I
2026-04-22;08:39;09:21;12.1;0;3.7;10.89;1.76;0;10.89;groceries;Stare Miasto;I
2026-04-22;09:22;09:56;12.3;0;5.2;7.4;1.76;0;7.4;fast food;Stare Miasto;I
2026-04-22;09:56;10:36;12.6;0;3.4;7.4;1.76;0;7.4;fast food;Krowodrza;V
2026-04-22;15:15;15:48;14.7;0;2.3;15.5;2.36;0;15.5;polish;Grzegórzki;II
2026-04-22;15:48;16:20;14.6;0;2.1;12.84;2.36;0;12.84;groceries;Podgórze;XIII
2026-04-22;16:58;17:32;13.4;0;4.4;7.4;2.3;0;7.4;fast food;Stare Miasto;I
2026-04-22;17:35;18:05;12.5;0;1.8;10.92;2.34;0;10.92;fast food;Krowodrza;V
2026-04-22;18:10;18:30;11.7;0;2.3;8.56;2.44;0;8.56;korean;Krowodrza;V
2026-04-22;18:35;18:46;10.7;0;2;7.4;2.44;0;7.4;pizza;Stare Miasto;I
2026-04-22;18:46;19:21;10.5;0;1.7;14.66;2.44;0;14.66;coffee;Krowodrza;V
2026-04-22;19:23;19:45;10.1;0;1.9;8.36;2.46;0;8.36;korean;Krowodrza;V
2026-04-22;19:49;20:24;9.7;0;1.5;15.51;2.46;0;15.51;groceries;Bronowice;VI
2026-04-23;08:00;08:42;13;0;3.9;14.38;1.94;4.31;18.69;fast food;Krowodrza;V
2026-04-23;08:42;09:08;14.1;0;3;9.8;1.94;2.21;12.01;bakery;Grzegórzki;II
2026-04-23;09:11;09:38;14.8;0;5.4;8.04;1.78;3.74;11.78;groceries;Grzegórzki;II
2026-04-23;09:38;10:09;15.2;0;6.6;8.77;1.78;0;8.77;coffee;Grzegórzki;II
2026-04-23;09:50;10:27;15.4;0;4.1;8.28;1.78;0;8.28;coffee;Prądnik Czerwony;III
2026-04-23;10:27;10:43;15.9;0;4.6;7.4;1.78;9.23;16.63;groceries;Czyżyny;XIV
2026-04-23;10:43;11:12;16.1;0;7.5;9.65;1.78;0;9.65;kebab;Czyżyny;XIV
2026-04-24;15:01;15:32;15.9;0;2.3;10.59;2.38;0;10.59;fast food;Prądnik Czerwony;III
2026-04-24;15:33;16:07;15.8;0;3;14.19;2.38;0;14.19;groceries;Nowa Huta;XVIII
2026-04-24;16:13;16:36;15.9;0;3.1;8.38;2.4;0;8.38;vietnamese;Mistrzejowice;XV
2026-04-24;16:36;17:00;15.8;0;1.9;9.69;2.4;0;9.69;pizza;Bieńczyce;XVI
2026-04-24;18:07;18:36;14.2;0;0.3;13.18;2.56;0;13.18;fast food;Grzegórzki;II
2026-04-24;18:47;19:25;13.3;0;0.3;15.52;2.56;0;15.52;fast food;Zwierzyniec;VII
2026-04-24;19:40;20:01;11.9;0;0.7;10.5;2.56;0;10.5;pizza;Zwierzyniec;VII
2026-04-24;20:19;20:42;11;0;0.7;9.43;2.4;1.65;11.08;polish;Stare Miasto;I
2026-04-24;20:42;21:37;10.9;0;1.1;8.71;2.4;0;8.71;fast food;Stare Miasto;I
2026-04-26;19:05;19:35;8.7;0;2;9;2.26;21.71;30.71;groceries;Prądnik Biały;IV
2026-04-26;19:35;19:50;8;0;1.1;7.4;2.26;0;7.4;fast food;Prądnik Biały;IV
2026-04-26;19:53;20:21;7.4;0;1;13.81;2.26;0;13.81;groceries;Prądnik Biały;IV
2026-04-26;20:21;20:52;7;0;0.9;8.69;2.24;7.6;16.29;fast food;Prądnik Biały;IV
2026-04-26;20:52;21:12;5.9;0;0.6;10.21;0;0;10.21;groceries;Bronowice;VI
2026-04-26;21:25;21:59;5.7;0;1.2;12.79;2.06;0;12.79;japanese;Zwierzyniec;VII
2026-04-27;09:59;10:38;13;0;3.3;13.93;1.96;0;13.93;groceries;Stare Miasto;I
2026-04-27;10:58;11:17;13.7;0;4.5;7.73;1.76;5.54;13.27;fast food;Zwierzyniec;VII
2026-04-27;11:26;11:49;14.2;0;3.8;10.45;1.94;0;10.45;pharma;Stare Miasto;I
2026-04-27;11:49;12:21;13.9;0;3;11.81;1.94;0;11.81;fast food;Zwierzyniec;VII
2026-04-27;12:39;13:08;14.8;0;4.8;13.04;2.18;0;13.04;fast food;Prądnik Biały;IV
2026-04-27;16:00;16:34;15.6;0;1.7;15.01;2.32;0;15.01;polish;Grzegórzki;II
2026-04-27;16:36;17:07;14.8;0;2.8;10.52;2.32;0;10.52;groceries;Czyżyny;XIV
2026-04-27;17:24;17:58;14;0;2.1;12.83;2.42;0;12.83;groceries;Czyżyny;XIV
2026-04-27;17:58;18:28;12.6;0;2.3;10.71;2.42;0;10.71;pizza;Czyżyny;XIV
2026-04-27;18:28;18:52;12;0;1.9;12.41;2.38;0;12.41;pizza;Mistrzejowice;XV
2026-04-27;18:55;19:07;11.4;0;1.9;7.4;2.38;0;7.4;liquors;Mistrzejowice;XV
2026-04-28;08:04;08:31;7.7;0;2.6;9.87;1.76;3.69;13.56;coffee;Stare Miasto;I
2026-04-28;08:31;08:40;8.7;0;3.9;7.4;0;0;7.4;fast food;Stare Miasto;I
2026-04-28;08:40;09:11;8.7;0;1.3;11.63;1.76;0;11.63;coffee;Podgórze;XIII
2026-04-28;09:18;09:40;8.8;0;2.5;7.4;1.76;0;7.4;bakery;Podgórze;XIII
2026-04-28;09:50;10:33;9.3;0;3.3;10.21;1.76;0;10.21;groceries;Łagiewniki - Borek Fałęcki;IX
2026-04-28;10:40;11:09;10.4;0;1.1;7.4;1.76;6.26;13.66;groceries;Podgórze;XIII
2026-04-28;14:01;14:35;12.6;0;1.4;10.82;2.04;0;10.82;fast food;Stare Miasto;I
2026-04-28;14:35;15:03;12;0;3.2;11.1;2.04;0;11.1;burgers;Zwierzyniec;VII
2026-04-28;15:03;15:41;12;0;1.2;10.39;2.28;0;10.39;japanese;Prądnik Biały;IV
2026-04-28;15:41;16:20;11.8;0;3.5;18.03;2.28;0;18.03;groceries;Zwierzyniec;VII
2026-04-28;20:03;20:45;8;0;2.1;12.29;2.38;0;12.29;groceries;Stare Miasto;I
2026-04-28;20:46;21:12;7.2;0;1.6;12.75;2.38;3.16;15.91;fast food;Zwierzyniec;VII
2026-04-29;08:11;08:57;7.8;0;1.7;13.12;1.76;0;13.12;fast food;Grzegórzki;II
2026-04-29;08:57;09:32;8.7;0;1.7;6.78;1.76;0;6.78;breakfast;Stare Miasto;I
2026-04-29;08:57;09:19;8.7;0;1.7;6.78;1.76;0;6.78;breakfast;Stare Miasto;I
2026-04-29;09:32;10:03;9;0;3.1;8.41;1.76;0;8.41;bakery;Stare Miasto;I
2026-04-29;10:03;10:43;9.9;0;1.5;10.39;1.76;0;10.39;coffee;Grzegórzki;II
2026-04-29;10:43;11:17;10.8;0;1.7;8.07;1.76;0;8.07;fast food;Podgórze;XIII
2026-04-29;12:59;13:24;11.8;0;1.8;11.17;2.32;0;11.17;fast food;Prądnik Czerwony;III
2026-04-29;13:24;13:48;12;0;3.6;11.78;2.34;0;11.78;fast food;Prądnik Czerwony;III
2026-04-29;13:49;14:15;11.4;0;3.5;12.52;2.34;0;12.52;korean;Czyżyny;XIV
